<?xml version="1.0" encoding="UTF-8"?>
<jcr:root xmlns:sling="http://sling.apache.org/jcr/sling/1.0" xmlns:granite="http://www.adobe.com/jcr/granite/1.0" xmlns:jcr="http://www.jcp.org/jcr/1.0" xmlns:nt="http://www.jcp.org/jcr/nt/1.0"
    jcr:primaryType="nt:unstructured">
    <jcr:content jcr:primaryType="nt:unstructured">
        <sidepanels jcr:primaryType="nt:unstructured">
            <edit jcr:primaryType="nt:unstructured">
                <items jcr:primaryType="nt:unstructured">
                    <tabs
                        jcr:primaryType="nt:unstructured"
                        sling:resourceType="granite/ui/components/coral/foundation/tabs"
                        margin="{Boolean}true"
                        maximized="{Boolean}true"
                        orientation="vertical"
                        size="L">
                        <items jcr:primaryType="nt:unstructured">
                            <assetsTab
                                granite:class="sidepanel-tab sidepanel-tab-assets editor-AssetFinder"
                                jcr:primaryType="nt:unstructured"
                                jcr:title="Assets"
                                sling:resourceType="granite/ui/components/coral/foundation/container">
                                <items jcr:primaryType="nt:unstructured">
                                    <filterPanel
                                        granite:class="filter-panel"
                                        jcr:primaryType="nt:unstructured"
                                        sling:resourceType="granite/ui/components/coral/foundation/container">
                                        <items jcr:primaryType="nt:unstructured">
                                            <search jcr:primaryType="nt:unstructured">
                                                <items jcr:primaryType="nt:unstructured">
                                                    <searchpanel
                                                        granite:class="coral-Form--vertical"
                                                        granite:id="assetfinder-filter"
                                                        jcr:primaryType="nt:unstructured"
                                                        sling:resourceType="granite/ui/components/coral/foundation/container">
                                                        <items jcr:primaryType="nt:unstructured">
                                                            <flickrpath
                                                                granite:class="assetfilter path"
                                                                jcr:primaryType="nt:unstructured"
                                                                sling:resourceType="granite/ui/components/coral/foundation/form/pathfield"
                                                                emptyText="Enter path 55"
                                                                listOrder="0"
                                                                name="assetfilter_flickr_path"
                                                                rootPath="/content/dam">
                                                                <granite:data
                                                                    jcr:primaryType="nt:unstructured"
                                                                    filterType="Flickr"/>
                                                            </flickrpath>
                                                            <contentreusepath
                                                                granite:class="assetfilter path"
                                                                jcr:primaryType="nt:unstructured"
                                                                sling:resourceType="granite/ui/components/coral/foundation/form/pathfield"
                                                                emptyText="Enter path"
                                                                listOrder="0"
                                                                name="assetfilter_contentreuse_path"
                                                                rootPath="/content/dam">
                                                                <granite:data
                                                                    jcr:primaryType="nt:unstructured"
                                                                    filterType="Content-Reuse"/>
                                                            </contentreusepath>
                                                        </items>
                                                    </searchpanel>
                                                    <searchpanel2 jcr:primaryType="nt:unstructured">
                                                        <items jcr:primaryType="nt:unstructured">
                                                            <flickrfilters
                                                                jcr:primaryType="nt:unstructured"
                                                                sling:resourceType="granite/ui/components/foundation/include"
                                                                path="cq/gui/content/facets/flickr"/>
                                                            <contentreusefilters
                                                                jcr:primaryType="nt:unstructured"
                                                                sling:resourceType="granite/ui/components/foundation/include"
                                                                path="cq/gui/content/facets/contentreuse"/>
                                                        </items>
                                                    </searchpanel2>
                                                </items>
                                            </search>
                                        </items>
                                    </filterPanel>
                                </items>
                            </assetsTab>
                        </items>
                    </tabs>
                </items>
            </edit>
        </sidepanels>
    </jcr:content>
</jcr:root>
