<?xml version="1.0" encoding="UTF-8"?>
<jcr:root xmlns:sling="http://sling.apache.org/jcr/sling/1.0" xmlns:jcr="http://www.jcp.org/jcr/1.0" xmlns:mix="http://www.jcp.org/jcr/mix/1.0"
    jcr:lastModified="{Date}2015-11-03T23:49:21.996+01:00"
    jcr:lastModifiedBy="admin"
    jcr:mixinTypes="[mix:lockable]"
    jcr:primaryType="sling:OrderedFolder">
    <features/>
    <stores/>
    <faqs/>
    <jcr:content/>
    <activities/>
    <people/>
    <products/>
    <videos/>
    <workflow/>
    <experiences/>
</jcr:root>
