<?xml version="1.0" encoding="UTF-8"?>
<jcr:root xmlns:sling="http://sling.apache.org/jcr/sling/1.0" xmlns:granite="http://www.adobe.com/jcr/granite/1.0" xmlns:cq="http://www.day.com/jcr/cq/1.0" xmlns:jcr="http://www.jcp.org/jcr/1.0" xmlns:nt="http://www.jcp.org/jcr/nt/1.0"
    jcr:primaryType="cq:Page">
    <jcr:content jcr:primaryType="nt:unstructured">
        <actions jcr:primaryType="nt:unstructured">
            <secondary/>
            <selection jcr:primaryType="nt:unstructured">
                <edit/>
                <review/>
                <approval/>
                <openinfm/>
                <editTopics/>
                <delete/>
                <source/>
                <preview/>
                <cta
                    granite:class="initiate-cta"
                    granite:id="cta-dita-button"
                    granite:rel="foundation-damadmin-properties-activator"
                    jcr:primaryType="nt:unstructured"
                    sling:resourceType="granite/ui/components/coral/foundation/collection/action"
                    action="foundation.link"
                    activeSelectionCount="multiple"
                    href="#"
                    icon="projectAdd"
                    text="Revert Version"
                    variant="actionBar">
                    <granite:rendercondition
                        jcr:primaryType="nt:unstructured"
                        sling:resourceType="fmdita/rendercondition/assetpath-role-combo"
                        assetPath="${requestPathInfo.suffix}"
                        roles="[publishers,authors]"/>
                </cta>
            </selection>
            <primary/>
        </actions>
        <footer/>
        <rails/>
        <head/>
    </jcr:content>
    <assetpage/>
    <moveassetwizard/>
</jcr:root>
