<?xml version="1.0" encoding="UTF-8"?>
<jcr:root xmlns:cq="http://www.day.com/jcr/cq/1.0" xmlns:jcr="http://www.jcp.org/jcr/1.0" xmlns:rep="internal"
    jcr:mixinTypes="[rep:AccessControllable]"
    jcr:primaryType="cq:Page">
    <contentreuse/>
    <attributeprofiling/>
    <baselinemanager/>
    <bookmaptree/>
    <bulkpublish-dashboard/>
    <clientlib-asset-properties-page/>
    <clientlib-translationjob-page/>
    <collectiondetailscontroller/>
    <collectionmanager/>
    <collections/>
    <config/>
    <cpmanager/>
    <createapproval/>
    <createcollectionwizard/>
    <createditatemplate/>
    <createreview/>
    <docstateassetview/>
    <doreview/>
    <environment/>
    <filtering/>
    <folderprofiles/>
    <folderprofilesmanager/>
    <incrementalpublish/>
    <init/>
    <initiatereview/>
    <keyspace/>
    <modaldialogwrapper/>
    <moveassetwizard/>
    <openinsametab/>
    <outputmanager/>
    <outputselector/>
    <previewtopic/>
    <publish-dashboard/>
    <publishcontext/>
    <publishtopic/>
    <react/>
    <react-dom/>
    <reportpage/>
    <reportpagehost/>
    <revertversionlogs/>
    <reviewcomments/>
    <rhjs/>
    <showtasks/>
    <siteoutput/>
    <sourceview-asset/>
    <tablesorter/>
    <taskmanagement/>
    <timeline/>
    <titletoname/>
    <translation/>
    <utils/>
    <utilsfolderprofile/>
    <versioncontrol/>
    <versionHistory/>
    <xml-documentation-addon/>
    <xmleditor/>
    <rep:policy/>
    <clientlib-createmap-page/>
    <clientlibs-accept-reject-translation/>
    <common/>
    <jcr:content/>
    <clientlib-content/>
    <clientlib-landing/>
    <clientlib-damview/>
    <clientlib-send-for-approval-page/>
    <clientlib-approve-reject-document-page/>
    <clientlib-approval-page/>
    <clientlib-approval/>
    <clientlib-review/>
    <clientlib-publish-options-page/>
    <clientlibs/>
    <createcta/>
</jcr:root>
